{"cameraMode":{"drawMode":0,"name":"Shaded","section":"Shading Mode"},"sceneLighting":true,"audioPlay":false,"sceneViewState":{"m_AlwaysRefresh":false,"showFog":true,"showSkybox":true,"showFlares":true,"showImageEffects":true,"showParticleSystems":true,"showVisualEffectGraphs":true,"m_FxEnabled":true},"in2DMode":false,"pivot":{"x":284.21160888671877,"y":500.2247314453125,"z":-417.62603759765627},"rotation":{"x":-0.019590677693486215,"y":0.3945041000843048,"z":-0.00837783981114626,"w":-0.9186925888061523},"size":878.4447631835938,"orthographic":false}